{
    "directory":
    [],
    "sql_file": "",
    "files": [
        {
            "root_directory" : "update/update_2.9/application/controllers/Admin.php",
            "update_directory" : "application/controllers/Admin.php"
        },
        {
            "root_directory" : "update/update_2.9/application/controllers/Home.php",
            "update_directory" : "application/controllers/Home.php"
        },
        {
            "root_directory" : "update/update_2.9/application/controllers/Login.php",
            "update_directory" : "application/controllers/Login.php"
        },
        {
            "root_directory" : "update/update_2.9/application/models/Addon_model.php",
            "update_directory" : "application/models/Addon_model.php"
        },
        {
            "root_directory" : "update/update_2.9/application/models/Crud_model.php",
            "update_directory" : "application/models/Crud_model.php"
        },
        {
            "root_directory" : "update/update_2.9/application/models/Email_model.php",
            "update_directory" : "application/models/Email_model.php"
        },
        {
            "root_directory" : "update/update_2.9/application/models/Frontend_model.php",
            "update_directory" : "application/models/Frontend_model.php"
        },
        {
            "root_directory" : "update/update_2.9/application/models/User_model.php",
            "update_directory" : "application/models/User_model.php"
        },
        {
            "root_directory" : "update/update_2.9/application/views/backend/admin/about.php",
            "update_directory" : "application/views/backend/admin/about.php"
        },
        {
            "root_directory" : "update/update_2.9/application/views/backend/admin/add_listing_basic.php",
            "update_directory" : "application/views/backend/admin/add_listing_basic.php"
        },
        {
            "root_directory" : "update/update_2.9/application/views/backend/admin/system_settings.php",
            "update_directory" : "application/views/backend/admin/system_settings.php"
        },
        {
            "root_directory" : "update/update_2.9/application/views/backend/admin/addon_add.php",
            "update_directory" : "application/views/backend/admin/addon_add.php"
        },
        {
            "root_directory" : "update/update_2.9/application/views/backend/admin/edit_listing_basic.php",
            "update_directory" : "application/views/backend/admin/edit_listing_basic.php"
        },
        {
            "root_directory" : "update/update_2.9/application/views/backend/admin/listing_add_wiz.php",
            "update_directory" : "application/views/backend/admin/listing_add_wiz.php"
        },
        {
            "root_directory" : "update/update_2.9/application/views/backend/admin/listing_edit_wiz.php",
            "update_directory" : "application/views/backend/admin/listing_edit_wiz.php"
        },
        {
            "root_directory" : "update/update_2.9/application/views/backend/admin/navigation.php",
            "update_directory" : "application/views/backend/admin/navigation.php"
        },
        {
            "root_directory" : "update/update_2.9/application/views/backend/footer.php",
            "update_directory" : "application/views/backend/footer.php"
        },
        {
            "root_directory" : "update/update_2.9/application/views/backend/user/add_listing_basic.php",
            "update_directory" : "application/views/backend/user/add_listing_basic.php"
        },
        {
            "root_directory" : "update/update_2.9/application/views/backend/user/edit_listing_basic.php",
            "update_directory" : "application/views/backend/user/edit_listing_basic.php"
        },
        {
            "root_directory" : "update/update_2.9/application/views/backend/user/listing_add_wiz.php",
            "update_directory" : "application/views/backend/user/listing_add_wiz.php"
        },
        {
            "root_directory" : "update/update_2.9/application/views/backend/user/listing_edit_wiz.php",
            "update_directory" : "application/views/backend/user/listing_edit_wiz.php"
        },
        {
            "root_directory" : "update/update_2.9/application/views/backend/user/navigation.php",
            "update_directory" : "application/views/backend/user/navigation.php"
        },
        {
            "root_directory" : "update/update_2.9/application/views/frontend/forgot_password.php",
            "update_directory" : "application/views/frontend/forgot_password.php"
        },
        {
            "root_directory" : "update/update_2.9/application/views/frontend/home.php",
            "update_directory" : "application/views/frontend/home.php"
        },
        {
            "root_directory" : "update/update_2.9/application/views/frontend/home_categories.php",
            "update_directory" : "application/views/frontend/home_categories.php"
        },
        {
            "root_directory" : "update/update_2.9/application/views/frontend/contact.php",
            "update_directory" : "application/views/frontend/contact.php"
        },
        {
            "root_directory" : "update/update_2.9/application/views/frontend/listings_grid_view.php",
            "update_directory" : "application/views/frontend/listings_grid_view.php"
        },
        {
            "root_directory" : "update/update_2.9/application/views/frontend/listings_list_view.php",
            "update_directory" : "application/views/frontend/listings_list_view.php"
        },
        {
            "root_directory" : "update/update_2.9/application/views/frontend/login.php",
            "update_directory" : "application/views/frontend/login.php"
        },
        {
            "root_directory" : "update/update_2.9/application/views/frontend/sign_up.php",
            "update_directory" : "application/views/frontend/sign_up.php"
        },
        {
            "root_directory" : "update/update_2.9/application/views/backend/admin/save_purchase_code_form.php",
            "update_directory" : "application/views/backend/admin/save_purchase_code_form.php"
        },
        {
            "root_directory" : "update/update_2.9/application/views/frontend/change_password_from_forgot_password.php",
            "update_directory" : "application/views/frontend/change_password_from_forgot_password.php"
        },
        {
            "root_directory" : "update/update_2.9/application/views/frontend/Session.php",
            "update_directory" : "system/libraries/Session/Session.php"
        }
    ]
  }
